{
    "value0": {
        "T_imu_cam": [
            {
                "px": 0.048877350798056406,
                "py": -0.015293248466404114,
                "pz": -0.0055285088857439,
                "qx": -0.03568549715450696,
                "qy": 0.7515197617269193,
                "qz": -0.6579163653427519,
                "qw": 0.0330249790451577
            },
            {
                "px": -0.08750696507388507,
                "py": -0.015607748498923895,
                "pz": -0.005893484649607728,
                "qx": 0.028097517599491934,
                "qy": 0.752075103710565,
                "qz": -0.657979774101902,
                "qw": -0.02561610345660023
            }
        ],
        "intrinsics": [
            {
                "camera_type": "kb4",
                "intrinsics": {
                    "fx": 238.88264329583697,
                    "fy": 238.43988669054954,
                    "cx": 239.65578750366714,
                    "cy": 321.1613847182054,
                    "k1": 0.004136165249475896,
                    "k2": 0.09509478306213548,
                    "k3": -0.11766502639762973,
                    "k4": 0.04622914792374395
                }
            },
            {
                "camera_type": "kb4",
                "intrinsics": {
                    "fx": 238.01314574429594,
                    "fy": 237.9290215251219,
                    "cx": 238.5959141485548,
                    "cy": 318.63275203667945,
                    "k1": 0.011015556563154302,
                    "k2": 0.06646119044294033,
                    "k3": -0.07637866453799633,
                    "k4": 0.025620245489721263
                }
            }
        ],
        "resolution": [
            [
                480,
                640
            ],
            [
                480,
                640
            ]
        ],
        "calib_accel_bias": [
            0.0,
            0.0,
            0.0,
            0.0,
            0.0,
            0.0,
            0.0,
            0.0,
            0.0
        ],
        "calib_gyro_bias": [
            0.0,
            0.0,
            0.0,
            0.0,
            0.0,
            0.0,
            0.0,
            0.0,
            0.0,
            0.0,
            0.0,
            0.0
        ],
        "imu_update_rate": 1000.0,
        "accel_noise_std": [
            0.01,
            0.01,
            0.01
        ],
        "gyro_noise_std": [
            0.001,
            0.001,
            0.001
        ],
        "accel_bias_std": [
            0.001,
            0.001,
            0.001
        ],
        "gyro_bias_std": [
            0.0001,
            0.0001,
            0.0001
        ],
        "T_mocap_world": {
            "px": 0.0,
            "py": 0.0,
            "pz": 0.0,
            "qx": 0.0,
            "qy": 0.0,
            "qz": 0.0,
            "qw": 1.0
        },
        "T_imu_marker": {
            "px": 0.0,
            "py": 0.0,
            "pz": 0.0,
            "qx": 0.0,
            "qy": 0.0,
            "qz": 0.0,
            "qw": 1.0
        },
        "mocap_time_offset_ns": 0,
        "mocap_to_imu_offset_ns": 0,
        "cam_time_offset_ns": -28111831,
        "vignette": [
            {
                "value0": 0,
                "value1": 10000000000,
                "value2": [
                    [
                        1.0
                    ],
                    [
                        1.0
                    ],
                    [
                        1.0
                    ],
                    [
                        1.0
                    ],
                    [
                        1.0
                    ],
                    [
                        1.0
                    ],
                    [
                        1.0
                    ],
                    [
                        1.0
                    ],
                    [
                        1.0
                    ],
                    [
                        1.0
                    ],
                    [
                        1.0
                    ],
                    [
                        1.0
                    ],
                    [
                        1.0
                    ],
                    [
                        1.0
                    ],
                    [
                        1.0
                    ],
                    [
                        1.0
                    ],
                    [
                        1.0
                    ],
                    [
                        1.0
                    ],
                    [
                        1.0
                    ],
                    [
                        1.0
                    ],
                    [
                        1.0
                    ],
                    [
                        1.0
                    ],
                    [
                        1.0
                    ],
                    [
                        1.0
                    ],
                    [
                        1.0
                    ],
                    [
                        1.0
                    ],
                    [
                        1.0
                    ],
                    [
                        1.0
                    ],
                    [
                        1.0
                    ],
                    [
                        1.0
                    ],
                    [
                        1.0
                    ],
                    [
                        1.0
                    ],
                    [
                        1.0
                    ],
                    [
                        1.0
                    ],
                    [
                        1.0
                    ],
                    [
                        1.0
                    ],
                    [
                        1.0
                    ],
                    [
                        1.0
                    ],
                    [
                        1.0
                    ],
                    [
                        1.0
                    ],
                    [
                        1.0
                    ],
                    [
                        1.0
                    ],
                    [
                        1.0
                    ],
                    [
                        1.0
                    ],
                    [
                        1.0
                    ],
                    [
                        1.0
                    ],
                    [
                        1.0
                    ],
                    [
                        1.0
                    ],
                    [
                        1.0
                    ],
                    [
                        1.0
                    ],
                    [
                        1.0
                    ],
                    [
                        1.0
                    ],
                    [
                        1.0
                    ],
                    [
                        1.0
                    ],
                    [
                        1.0
                    ],
                    [
                        1.0
                    ],
                    [
                        1.0
                    ],
                    [
                        1.0
                    ],
                    [
                        1.0
                    ],
                    [
                        1.0
                    ],
                    [
                        1.0
                    ],
                    [
                        1.0
                    ],
                    [
                        1.0
                    ],
